station;TN;TOC;CN;BMD;mudcontent;depth
1;0.31;3.75;12.0967741935;0.6;60.2;69.150002
2;0.31;3.95;12.7419354839;2.3;53.4;73.169998
3;0.38;4;10.5263157895;2.1;73.9;68.93
4;0.35;3.82;10.9142857143;1.9;58.8;53.709999
5;0.47;5.57;11.8510638298;0;41.4;39.220001
6;0.33;3.63;11;0.3;77.2;54.25
7;0.63;4.98;7.9047619048;3.1;47.3;93.18
8;0.33;4.03;12.2121212121;1.2;60.5;53.91
9;0.16;3.08;19.25;1.2;23.9;37.652664
10;0.32;3.52;11;1.2;66.6;47.426624
